N,rep,intercept_after,brier_after
25,1,-1.254412049737195,0.023155754235735175
25,2,-1.7676730264567908,0.028495633911198553
25,3,-0.36334942260953956,0.019499555383130862
25,4,-1.4622931646798567,0.02427347040613289
25,5,-0.21688282910768594,0.01949738653379489
25,6,-1.9944688365221643,0.033301798877319724
25,7,-0.34083159547117686,0.02058461048461032
25,8,-0.3359964808688595,0.019499233580455206
25,9,-0.6560157751815364,0.02088792793906134
25,10,-0.43929616206263433,0.02140951032122629
25,12,-0.596455159353121,0.020337130708988585
25,13,-0.5943746140773378,0.02234420549033596
25,14,7.961378063169473,0.08294278670715603
25,15,-2.0249463573346587,0.039427899417472496
25,16,-2.2361266960657487,0.033104264237197416
25,17,-0.6278849760853957,0.022458184268076078
25,18,-0.6278849760851243,0.022458184268076078
25,19,-0.5804448339406063,0.02055676266142966
25,20,-0.12153968684946041,0.019494709436127588
25,21,-0.32944448288512124,0.019499169094954902
25,23,-0.596455159353121,0.02033713070898859
25,25,2.2178164767747472,0.0324763506702976
25,27,-1.9900867680546965,0.03331028568118912
25,28,1.8478683424172726,0.023364493483926923
25,29,-0.6552598557423668,0.02090635404956841
25,30,-0.5943746140775016,0.02234420549033596
25,31,1.9665623882429872,0.02896911062348106
25,32,-0.35601526284858953,0.019499436410260734
25,33,-0.6357227238374477,0.020468247158665246
25,34,1.7956175922518727,0.02058018799726594
25,35,-0.6755366529854265,0.0209968111898153
25,36,-1.6141906016575969,0.028391517630786293
25,37,-0.7523765400850924,0.02042986147965125
25,39,-3.359364292238431,0.049733316680991235
25,40,-0.6560157751815361,0.02088792793906134
25,41,-0.580444833940127,0.02055676266142966
25,42,-0.6278849760855454,0.02245818426807608
25,43,1.8478683424157933,0.023364493483930944
25,44,-1.9722434193237015,0.03331092738695592
25,45,-1.2544120497371947,0.02315575423573517
25,46,-2.789836295381954,0.05913512376726874
25,47,-0.656015775181537,0.02088792793906134
25,48,-0.6284430654651694,0.020751062173564018
25,49,-0.5943746140775334,0.02234420549033596
25,50,-0.5943746140774354,0.022344205490335972
25,51,-1.9291827522834115,0.02949075698920838
25,53,-3.4307897877104865,0.05133451800776827
25,54,-1.8747363850780576,0.028467277684192493
25,55,2.2087453446957936,0.031688057720243544
25,56,-7.287415277882451,0.10449175435204605
25,57,-0.580444833940735,0.02055676266142966
25,58,-0.5239968034440928,0.02017209171086888
25,59,-1.9291827522836509,0.029490756989208448
25,60,-0.48015426393168315,0.020294902315771052
25,61,-1.9677321860601198,0.03331091909612033
25,62,-0.5804448339406115,0.02055676266142966
25,63,-0.21029497475182107,0.019497275900009402
25,64,-1.7071463696708218,0.025858114007620323
25,65,-0.8521711486879755,0.021620320920390648
25,66,2.208745344695752,0.031688057720243655
25,67,-0.6677755180323389,0.022576560134954526
25,68,-0.7701014486407817,0.02050593309271648
25,69,-0.5804448339406121,0.02055676266142966
25,70,-4.518681710617299,0.0640797088242163
25,71,-0.6560157751815362,0.02088792793906134
25,72,-0.6002357214320452,0.022368616074653066
25,74,1.8040792548902522,0.020578895474755846
25,75,-0.35928377527824756,0.01949945893795615
25,77,-0.6278977112201343,0.02077360058367678
25,78,-0.12153968684946051,0.019494709436127588
25,79,-0.5955695782375129,0.022347259483514254
25,80,-0.5150562292396749,0.021898170546839367
25,81,-2.852617794761027,0.059137696705320875
25,82,-1.9837086589410968,0.03331346921200784
25,83,-0.1215396868494598,0.01949470943612759
25,84,-0.5479294272112991,0.02216164776242102
25,85,-0.6284430654651436,0.020751062173564018
25,86,-0.5363285071631182,0.020213357745980657
25,87,-0.32944448288512107,0.019499169094954902
25,88,-0.5241104424415545,0.021954611294476088
25,89,1.0549672012380653,0.023939412648821858
25,90,-0.5975813941611482,0.02235560974967177
25,92,-0.472154560939474,0.02159979561159677
25,93,-0.5943746140773332,0.02234420549033596
25,94,-0.5150562292396745,0.021898170546839367
25,95,1.7235692360507753,0.026512360179316387
25,96,-0.6284430654651715,0.020751062173564018
25,97,-0.5535740301322062,0.02219473094463729
25,98,-1.1563502429494816,0.022734115643272358
25,99,-3.4047342971475856,0.0506444786488695
25,100,-0.5967238538729293,0.020361267674011325
25,102,-0.6560157751815369,0.02088792793906134
25,103,-2.760001584020269,0.05913705112777432
25,104,-0.6552598557423711,0.02090635404956841
25,105,-0.524110442441554,0.021954611294476085
25,106,-3.1402984316480866,0.045121768019109595
25,107,0.6474994693446149,0.023110141594234534
25,108,-0.6560157751815369,0.02088792793906133
25,109,-0.6278977112201289,0.02077360058367678
25,110,-2.7649981337353076,0.05912079076824367
25,111,-0.5462970789554806,0.020012671596890432
25,112,-0.6357227238374478,0.020468247158665246
25,113,-0.6284430654651979,0.020751062173564018
25,115,-0.596455159353121,0.020337130708988592
25,116,-0.7585090608659487,0.02030196824753913
25,117,-2.745923737559002,0.059129249412298183
25,118,-0.5955695782376019,0.022347259483514254
25,119,-1.5645143108335127,0.024896302558692563
25,120,-2.760001584020272,0.05913705112777432
25,121,2.2240613975158436,0.03152905938599446
25,122,-0.13205887859741133,0.01949500984953606
25,123,-0.6823446151406696,0.021207225279604527
25,124,-1.1563502429494796,0.022734115643272355
25,125,-0.656015775181538,0.02088792793906133
25,126,-1.7745742283439716,0.03331375413674211
25,127,-2.7725295691176965,0.05913180200144438
25,128,-0.4249269800994933,0.01950006391988265
25,129,2.217816476774594,0.032476350670297104
25,130,-0.3294444828851214,0.019499169094954902
25,131,-0.5804448339406246,0.02055676266142966
25,133,-1.5645143108335124,0.02489630255869257
25,134,-0.6503683197412831,0.022525145767174785
25,135,1.8478683424104674,0.0233644934839466
25,136,-0.6350992920146266,0.02048261871767647
25,137,-0.32765362587277813,0.019499145783357128
25,138,-0.03816805562658376,0.02064783098552501
25,139,-0.5150562292396746,0.021898170546839364
25,140,1.805368830857253,0.020576226317931323
25,141,-1.4622931646798563,0.024273470406132893
25,142,-0.14207009391800357,0.01949528280968887
25,143,-7.41877914428766,0.100200344463886
25,144,1.9802622378437886,0.0232348931436564
25,145,-0.7371640200422426,0.020232212486408017
25,146,-0.6278977112201174,0.020773600583676784
25,147,1.9219249369221199,0.023193235086621477
25,148,-2.7725295691176934,0.05913180200144438
25,149,-0.4379329587120452,0.01950012960197062
25,150,0.9310330314959868,0.020161228622339517
25,151,-0.7001215721851648,0.020526777418522598
25,152,-0.7371640200422415,0.020232212486408017
25,153,-2.7442118298611637,0.05912888948440116
25,154,-0.7272380204136693,0.020085434349121436
25,155,-1.800081834309932,0.02848949316321414
25,156,-0.14948896039026618,0.020544399487116515
25,157,-2.7898597925571815,0.059136058191365304
25,158,-0.5955695782376031,0.022347259483514254
25,159,-0.6286940964373277,0.0211175232426326
25,160,-0.5978365044876086,0.020358407595887012
25,161,-0.7511357867701635,0.020438296689217036
25,162,2.3057020316855175,0.031763638119933275
25,163,-7.495160390964662,0.10020284834251873
25,164,1.7319289674319331,0.02060004199980665
25,165,2.220669470211158,0.03166048844850936
25,166,-0.5978365044876089,0.020358407595887015
25,167,-0.7523765400850919,0.02042986147965125
25,169,-0.594374614077418,0.02234420549033596
25,170,-0.6278849760853984,0.02245818426807608
25,172,-0.5943746140775739,0.02234420549033597
25,174,-0.5804448339404338,0.02055676266142966
25,175,-0.6278849760848353,0.022458184268076078
25,176,-0.6755366529854205,0.0209968111898153
25,178,-2.1811504196254083,0.03324589554840699
25,179,2.5484576950436315,0.03855294355269164
25,181,9.597610864641235,0.08304535523890001
25,182,-1.9329332492448803,0.02949196882536833
25,183,-0.5241104424415538,0.021954611294476088
25,184,2.218780171452093,0.032624435261619206
25,185,2.217816476774528,0.0324763506702976
25,186,-1.4022324979517764,0.023952696288521362
25,187,-0.59355200609295,0.022318654727670743
25,189,-2.1440566996522965,0.03326371089552355
25,190,0.30608961176187083,0.019454001536439215
25,191,-0.3294444828851211,0.019499169094954902
25,192,-0.48015426393180727,0.020294902315771052
25,193,-1.894417258338965,0.039426000729524596
25,195,-1.0422620257581654,0.023373627713041266
25,196,-0.4293467110855071,0.01950008155386586
25,197,-0.6350992920146268,0.020482618717676475
25,198,-2.0686935668042423,0.033287481871977706
25,199,-0.47215456093947256,0.02159979561159677
25,200,2.2087453446957745,0.031688057720243655
25,201,-0.5804448339406167,0.02055676266142966
25,202,-0.3359964808688595,0.019499233580455206
25,203,-2.7723459387091,0.05913340379145265
25,204,-1.8835720793591508,0.029500557214174602
25,205,-0.7359555635447271,0.020776848810004127
25,206,-0.7456303840546974,0.02017588326324919
25,207,-2.76000158402027,0.059137051127774315
25,208,-2.1553537740826463,0.0394093908619194
25,209,-0.5964551593531212,0.020337130708988592
25,210,-0.32765362587277896,0.019499145783357135
25,211,-2.7746392309269976,0.05913082311257459
25,212,-7.506716029848435,0.10031908633977145
25,213,-2.744211829861168,0.059128889484401155
25,214,-1.9291827522835774,0.029490756989208344
25,215,-0.8521711486879755,0.02162032092039065
25,217,-0.5955695782375826,0.022347259483514254
25,218,-0.5878758121893376,0.02059332665956373
25,220,1.4491876448333025,0.027384042790646188
25,221,2.6618638820566405,0.04071541863962313
25,222,-2.7763339957890754,0.05913770319658446
25,223,-1.9567242471442317,0.02947841094013466
25,224,-0.594374614077579,0.02234420549033597
25,225,1.549573626410301,0.019046221037033538
25,226,-0.5978365044876087,0.02035840759588701
25,227,1.8478683424168656,0.02336449348392753
25,228,-0.35928377527824784,0.01949945893795615
25,229,2.211551334884468,0.03172525367016034
25,230,-0.6278977112201285,0.02077360058367678
25,231,-2.784336590778445,0.05913255803055366
25,232,-0.6278849760848515,0.02245818426807608
25,233,1.9674336208347187,0.023213818672513528
25,234,-0.596455159353121,0.02033713070898859
25,235,-0.7585090608659459,0.02030196824753913
25,236,-0.44117578650529277,0.01950015573402854
25,237,-1.6085998125181513,0.028337807825822212
25,238,-0.5241104424415541,0.021954611294476085
25,239,-0.5479294272112802,0.02216164776242102
25,240,1.8993128831651425,0.023226683003829973
25,241,-0.43793295871204524,0.019500129601970624
25,242,-0.6673579291268761,0.022569182453918354
25,243,-0.6002357214320894,0.02236861607465306
25,244,0.03216511618493513,0.023085800106337883
25,245,1.79561759225233,0.020580187997273996
25,246,-0.524110442441554,0.021954611294476085
25,249,-0.8521711486879756,0.02162032092039065
25,250,-7.495160390969006,0.10020284834251768
25,251,-0.594374614077585,0.02234420549033597
25,252,-0.5943746140774161,0.02234420549033597
25,253,-0.6284430654651721,0.020751062173564018
25,254,-0.5150562292396748,0.021898170546839367
25,255,-2.7843365907784396,0.05913255803055366
25,256,-0.27476101267037156,0.02274312591707087
25,257,2.2187801714521576,0.03262443526162016
25,258,-2.7729788299615685,0.059131409647677304
25,260,2.205233502275357,0.031698796753004306
25,261,-0.48015426393167043,0.020294902315771052
25,262,-3.140298431648079,0.04512176801910884
25,264,-0.5943746140775731,0.02234420549033596
25,265,-0.5955695782376694,0.022347259483514254
25,266,-0.5943746140774586,0.02234420549033597
25,267,-0.6503683197412821,0.022525145767174796
25,268,-1.9722434193237097,0.03331092738695589
25,269,-0.5964551593531211,0.02033713070898859
25,270,-0.5804448339412579,0.02055676266142966
25,271,-2.772978829961629,0.05913140964767731
25,272,-0.7643610265766633,0.02023295927614786
25,273,-0.6560157751815362,0.02088792793906134
25,274,-0.6284430654651215,0.020751062173564025
25,275,-0.5975813941608816,0.022355609749671775
25,276,-0.7645779719029959,0.02088160817612499
25,277,-0.5479294272112805,0.02216164776242102
25,278,-0.17455655932100847,0.019496590928390796
25,279,-0.5878758121984518,0.02059332665956373
25,280,-0.5804448339400767,0.020556762661429657
25,281,-0.3300567900284002,0.019499166188503787
25,282,-0.5150562292396748,0.021898170546839367
25,283,-0.5150562292396748,0.021898170546839364
25,284,-0.5870188683730012,0.02062905917790083
25,285,-0.5878758121897327,0.02059332665956373
25,287,-0.6357227238374478,0.020468247158665253
25,288,-0.3294444828851211,0.019499169094954902
25,289,2.208745344695734,0.031688057720243544
25,291,-0.24674545746086646,0.01949787155569315
25,292,-0.5804448339408957,0.02055676266142966
25,293,2.225909518935343,0.03486550759648134
25,294,1.6151212460383535,0.02063340482862232
25,295,-1.7745742283439545,0.0333137541367419
25,296,-0.4721545609394728,0.02159979561159677
25,297,-0.5150562292396742,0.021898170546839374
25,298,1.8963141365090626,0.02322485748516
25,299,-3.6157905915558826,0.05489648260235722
25,300,-0.32944448288512057,0.019499169094954902
25,301,-0.635722723837448,0.02046824715866525
25,304,-0.9230342882998526,0.02127992203713926
25,305,-0.6560157751815358,0.020887927939061333
25,306,-0.6284430654651688,0.020751062173564018
25,308,-0.9461467582472682,0.02134169516015753
25,310,-0.635722723837447,0.020468247158665246
25,311,-7.372586576579672,0.10031624942420671
25,312,-0.6560157751815365,0.02088792793906134
25,313,-0.6564296510809835,0.02091379470889857
25,314,-2.7723459387091003,0.05913340379145265
25,315,-0.5019060553197114,0.019500494620827563
25,317,-0.587875812198285,0.02059332665956373
25,318,-0.5943746140775655,0.02234420549033596
25,319,-0.5241104424415537,0.021954611294476088
25,320,-0.5804448339408425,0.02055676266142966
25,321,-0.1320588785974111,0.019495009849536064
25,322,-8.643129212672102,0.10025899697756434
25,323,-2.0831360037683444,0.033298770266700084
25,324,-0.6357227238374481,0.02046824715866525
25,325,3.7571942133031926,0.048948985068193236
25,328,0.8769006983998365,0.0221498132203908
25,329,-0.4683200638556102,0.01950033329613513
25,330,-0.9461467582472696,0.02134169516015753
25,331,-0.38360830002797264,0.021100295290780467
25,332,-0.21517181152047912,0.019497333372419424
25,333,-0.70365942672925,0.020150548687361155
25,334,-0.4417644713601356,0.01950018431276594
50,1,-0.834485604280037,0.02094928228183446
50,2,-1.6772059270537387,0.02830794861980929
50,3,-0.6478058298545266,0.02079952856913939
50,4,-0.4861294058668749,0.021875423103154205
50,5,-0.19464098235284752,0.019453281140831516
50,6,-0.658702557785261,0.021056202828028052
50,7,-0.5974363620514436,0.020178012650591652
50,8,1.6710017330695741,0.019678219958104603
50,9,0.24769520809480075,0.01902109482855871
50,10,2.6438753914504973,0.03827531662438381
50,11,-0.26690880778508824,0.019655330784777884
50,12,0.7687411188406733,0.02108880180323583
50,13,0.8808901811084322,0.021847324428532957
50,14,-1.8745344977300162,0.026697156325439148
50,15,1.6132676182329337,0.019697322709342643
50,16,-0.3478922408722148,0.019656464568289202
50,17,-2.0393943660389366,0.03355434188877999
50,18,1.2846482143403941,0.018801511839038332
50,19,-0.5804358473785505,0.020743735650557288
50,20,-0.2006333802603062,0.019667587015098475
50,21,0.8257580099680834,0.020735759998527677
50,22,-0.31645147452018607,0.019656060556795543
50,23,-2.042698058338182,0.03356716454317468
50,24,-0.1998084569304045,0.019653892500063427
50,25,-0.19198772727339414,0.019222808978850953
50,26,0.1933931847522204,0.019444814856205136
50,27,-0.5221227647109942,0.020878440790082387
50,28,-0.5949568168465659,0.020513505994305126
50,29,-0.6243098819048184,0.02130697022349637
50,30,-0.608846178645261,0.02084455852317373
50,31,-0.6670480763468989,0.021534144832196348
50,32,-0.26615731399597137,0.019655296416564782
50,33,-0.6082195891879115,0.020830983546386295
50,34,1.7161796347883678,0.020763065729232432
50,35,-0.5373574142330945,0.022229676502755903
50,36,-0.6243098819046512,0.02130697022349637
50,37,-0.26619130513655653,0.019655295537849747
50,38,-0.588838031558989,0.020594216066309307
50,39,1.8169553987480318,0.027111592640912573
50,40,-0.761955768514434,0.0204601209903578
50,41,-0.6390357168152349,0.021383484631176387
50,42,1.6441520361556612,0.02079009778558637
50,43,-3.4918151346795714,0.05451141877990488
50,44,-0.6318118290684647,0.02263911065349672
50,45,1.6152696714677195,0.019693129845181283
50,46,-0.5813922428677492,0.02074096908021351
50,47,1.4542659360548802,0.02525934194911315
50,48,-0.6186066042563544,0.020581190866315692
50,49,-0.8321260798892477,0.021018715912180443
50,50,-2.3330632457234426,0.04367639229613245
50,51,1.930421166057588,0.023209353555332983
50,52,-0.6717799752978734,0.020902944866156473
50,53,0.5477014083145109,0.02060432963042482
50,54,-0.522122764711876,0.020878440790082387
50,55,-1.5044407547303877,0.02415765245312782
50,56,0.8802043929861255,0.021670898047215507
50,57,-1.3512561674366386,0.023102787064391433
50,58,-0.0007316295572789008,0.019645969193233536
50,59,-0.04930336040039897,0.019648391783031828
50,60,-1.8509767469954002,0.026392004586982144
50,61,-0.5687719086549227,0.021038426839167203
50,62,-0.5132377648927554,0.02083285691289697
50,63,-0.5985305359600062,0.022527300801694766
50,64,-0.4314298690419631,0.0196571766109776
50,65,-0.31263428562377343,0.019656020667064438
50,66,-0.7752654232906708,0.020606305450614277
50,67,-0.6478058298545267,0.020799528569139393
50,68,-0.5687719086555892,0.021038426839167203
50,69,-1.7782563326422547,0.028382225756533125
50,70,-0.19633490147449284,0.019653832956757534
50,71,-0.5888380315589893,0.02059421606630931
50,72,1.3447304274499325,0.020642668915278918
50,73,-0.08252211384137403,0.019650323897812124
50,74,1.512118587953759,0.01893486176135145
50,75,1.3779171213039805,0.01874571596055996
50,76,-0.3887756784768353,0.019842617155593278
50,77,0.17995212122603968,0.019037843861394687
50,78,0.7572533176975472,0.021623821475653063
50,79,1.8281623370081939,0.02154127480499314
50,80,-0.3040741637806184,0.019655913948156693
50,81,-0.20153333511051214,0.019654192342631226
50,82,0.8273717703334295,0.021882818581869787
50,83,-0.6292234093104008,0.020929305182659758
50,84,1.0023034493553282,0.021214476087680026
50,85,1.7384256306173258,0.02075555978416643
50,86,-0.7091924877504259,0.020644591361977074
50,87,-0.3994192605130758,0.019883130324759354
50,88,-0.5813922428677946,0.02074096908021351
50,89,-2.022901201535106,0.030778495755826973
50,90,-0.7606972743320978,0.020478170935342623
50,91,-0.21888097351193456,0.019654346847848583
50,92,0.290759539112758,0.01901539400577282
50,93,-0.2902051436511509,0.019655682983950918
50,94,-0.22262562725376603,0.019654471259618382
50,95,1.7481141816087489,0.02075786791500897
50,96,-0.6166573398517967,0.02258996093929359
50,97,-1.1302925431764748,0.022243014322238783
50,98,1.7294906200031859,0.02076739288960783
50,99,-0.23902808798934488,0.019322163073843723
50,100,1.7819158281917629,0.0207677898499592
50,101,-0.3626896129219271,0.019656666631818743
50,102,-0.20188195051802385,0.019653978059701982
50,103,-0.896827497015068,0.02126641535422173
50,104,-0.6829423885713949,0.020510056772324824
50,105,0.2246965040448759,0.018639337090276178
50,106,1.5396300922596833,0.019199873512960614
50,107,-1.32182789961822,0.023125562926421917
50,108,-0.6290732587661068,0.0209182447695446
50,109,1.983087507406643,0.023449053658021662
50,110,-0.5835349258778075,0.020759246035705104
50,111,-0.24697747217120428,0.019654955021691695
50,112,-1.7640725158522168,0.029747239694780696
50,113,0.735365546040125,0.021434362612723204
50,114,1.6754508447218468,0.019672916341467388
50,115,1.7806333320676666,0.02073956241602277
50,116,1.5438374102449415,0.019200982022451435
50,117,-0.24697747217120464,0.019654955021691695
50,118,-0.856892569173638,0.021325650585205726
50,119,-0.5873325483497421,0.02058050342944463
50,120,-0.33832905317217576,0.01965627929918212
50,121,-0.5791762630735253,0.0207223958093632
50,122,-1.9794551335476605,0.028626984689611893
50,123,-1.7640725157203982,0.029747239694758905
50,124,-0.4471469224595233,0.01962830882756204
50,125,-0.6243098819048377,0.02130697022349637
50,126,-1.6266773358760673,0.024736106825479526
50,127,-0.8383256608520261,0.021404205878202662
50,128,0.8187821822690752,0.021412493138853014
50,130,0.00046391853651354086,0.01898245622895558
50,131,-0.6232325487810865,0.020519127505114948
50,132,-0.19464098235284785,0.019453281140831516
50,133,1.2873931972818748,0.01892929254252442
50,134,1.5465911823897065,0.019200967690101853
50,135,-0.23822538369976703,0.019654773991870576
50,136,-0.5587219919204959,0.019961338817803032
50,137,-1.9148879031957888,0.033590178487844034
50,138,0.061565106016922735,0.019558344397391993
50,139,-0.5716369393643979,0.02243049207400429
50,140,-2.673990226434049,0.05951978788405914
50,141,-1.990204483560457,0.03358835412868429
50,142,-0.5791762630735255,0.0207223958093632
50,143,-1.9486997670538022,0.029725309112199033
50,144,-0.19464098235284838,0.019453281140831516
50,145,0.5350635607234725,0.019980004599330407
50,146,1.7237644027799304,0.020767721119762765
50,147,-2.0426980583386363,0.03356716454317447
50,148,-0.9340973081899444,0.02111138659764624
50,149,-0.6138260381911598,0.02067743615695118
50,150,1.7776927313441713,0.020737381693451414
50,151,0.47855659602368766,0.01951344908946501
50,152,-0.6413872059049645,0.021394472907309624
50,153,-1.959433188355031,0.02864959048750071
50,154,-0.5687719086553696,0.021038426839167203
50,155,-0.880436144282388,0.021673535942560978
50,156,-0.6322767108955334,0.020738336768735117
50,157,-0.3577917950853141,0.01965658617312553
50,158,-0.49130063924387335,0.019961764897772155
50,159,-0.24647696071178896,0.0194362876378966
50,160,-0.9834377974795918,0.02160443131203414
50,161,-0.2873089809829812,0.019655652269278543
50,162,-1.910148961589235,0.03080374652465494
50,163,-0.6290732587661069,0.0209182447695446
50,164,-0.5373574142330947,0.022229676502755903
50,165,-0.7120976830134571,0.020899222183544206
50,166,-1.781076419649264,0.029747779488289508
50,167,-1.6756624175240065,0.02830684564675701
50,168,-1.0102864958092235,0.0220489688786329
50,169,2.444167116733426,0.03615065062455053
50,170,-0.34789224087221554,0.019656464568289202
50,171,-0.6697100652848964,0.021124706771643888
50,172,1.5438990503760734,0.02238157674048186
50,173,-0.571626202436044,0.02106503669834853
50,174,-1.922817553455234,0.029731877000888564
50,175,-0.6453495480295142,0.021001629416186444
50,176,-0.3260026834906407,0.01965620237823303
50,177,-0.6587677931647463,0.02106519496800015
50,178,2.207266009018996,0.031987144576723
50,179,1.7369460789362126,0.02077015456500822
50,180,-0.23822538369976937,0.019654773991870576
50,181,-0.6296166820798309,0.021293059211659082
50,182,-0.5329552450303308,0.020017459683327424
50,183,0.1402813600281996,0.019452474746134808
50,184,2.5502796918967365,0.03722359520033961
50,185,2.2822652126396763,0.03170576862575329
50,186,-0.629073258766107,0.0209182447695446
50,187,1.2846482143404243,0.018801511839038387
50,188,0.40194808707075497,0.019288701041315463
50,189,0.16019339629129162,0.019379587438224658
50,190,1.666613941560654,0.019676551117907403
50,191,-1.9986888153972486,0.027729766901416774
50,192,1.2156235555270059,0.01892868888922722
50,193,-1.3888383351058533,0.023306612002621026
50,194,1.5475452436878192,0.019200945241545763
50,195,-0.763923747179592,0.020770391740822323
50,196,-0.8530963282511252,0.020788196317182872
50,197,-0.608219589187911,0.020830983546386295
50,198,-0.6015474439800814,0.021182483913436252
50,199,-0.4607260162339261,0.019940766506359994
50,200,-0.0612649607571451,0.019649154247844428
50,201,-0.579176263073525,0.0207223958093632
50,202,-0.8969624536241094,0.02172602010875421
50,203,1.6047198472885227,0.020799523035403437
50,204,-0.5716262024386395,0.021065036698348527
50,205,-0.3324998440547366,0.019656227179232866
50,206,1.6243303277865138,0.01969145310000239
50,207,-0.14305345847756681,0.019652350470617856
50,208,-0.6322536340242322,0.0226375012530879
50,209,1.746531748773013,0.020766300593766062
50,210,-2.58208661043627,0.03410527214756191
50,211,1.7709838571881624,0.02074178149717776
50,212,1.6086739928859999,0.019697771645592995
50,213,-1.9391268486464666,0.029713500750734097
50,214,1.553084786548654,0.019196106704047224
50,215,1.3316968895803285,0.020849017662269473
50,216,-0.38249765919986833,0.019945310401809694
50,217,-2.0426980583389995,0.03356716454317498
50,218,-2.0058021517074547,0.028615133859006596
50,219,0.16476266239299742,0.019166677981109867
50,220,-0.266191305136556,0.019655295537849754
50,221,1.5396300922597275,0.019199873512960618
50,222,-0.1953139490731815,0.019653807023715355
50,223,0.3374385520048654,0.020063152126103313
50,224,-2.472134989392426,0.03299676454742445
50,225,1.7369797063187733,0.020769765293185062
50,226,-1.8551256564614778,0.02817477547688521
50,227,1.8991712331431032,0.023400191559372965
50,229,1.502926701845948,0.019687600435463776
50,230,-0.8034907677273266,0.02064180348823336
50,231,-0.6453495480295153,0.021001629416186444
50,232,-0.15380486938832996,0.019652610802591973
50,233,1.7646170501229104,0.020745438303457955
50,234,0.8888485365678991,0.022556469088301615
50,235,-1.5074053141780308,0.024272754910580768
50,236,-0.5933723245904164,0.020489972516072583
50,237,2.208530545866911,0.03194058177652852
50,238,-0.6416196875021463,0.021406698308611662
50,239,-1.1934729290655177,0.022102972687859747
50,240,-0.42790259175789824,0.01965717107062876
50,241,1.9990695602055013,0.031009319242189446
50,242,-0.8501885927290733,0.021543870591686217
50,243,-0.6146104292051866,0.02068820914666945
50,244,-0.38502790664876935,0.019656874319612296
50,245,1.1775760499255647,0.020514671110596946
50,246,-1.978469162160307,0.029718823516016856
50,247,0.7218060654839661,0.02038429555539469
50,248,-0.6413872059049378,0.02139447290730962
50,249,-1.936428623784031,0.029712320611210326
50,250,-0.613364116172057,0.02066713045053547
50,251,-0.7738119601845971,0.021143556427268378
50,252,1.787383075303463,0.020765228722240424
50,253,-1.9360343274356984,0.02708901614089635
50,254,0.06344152272501039,0.01892125806143949
50,255,-1.844510433582305,0.028707619425130903
50,256,-0.6794566781706443,0.020422907754567957
50,257,-0.2648068014035028,0.019655270765499507
50,258,-0.5110410805022935,0.022021696139855954
50,259,2.3290241130754428,0.03227590489109764
50,260,-0.6477137837541436,0.02080732525138687
50,261,-0.6477137837541441,0.02080732525138687
50,262,-0.5888380315589895,0.020594216066309307
50,263,-2.7294314513857603,0.059579199839491455
50,264,-0.27060178872313295,0.01965535446938425
50,265,0.12789471544919911,0.019481069959022292
50,266,-0.3055769549919616,0.019655896563434104
50,267,0.5605453433623262,0.02090690238281619
50,268,1.9127678361085942,0.023403883501377978
50,269,-0.3851413300448627,0.01965678162841354
50,270,-0.670183495630352,0.021113679886589114
50,271,-0.587160766323642,0.02060015228450266
50,272,-0.01324063749362579,0.019646698100937308
50,273,-0.6552518157738687,0.0214587492625561
50,274,-0.5791762630735253,0.0207223958093632
50,275,1.8896164669131013,0.02340570987656299
50,276,-0.5834149579027406,0.020748732400418704
50,277,-1.890078871183243,0.026726109167633877
50,278,-0.15949757227926878,0.01965274796002723
50,279,1.5465911823900695,0.01920096769010186
50,280,-1.50740531417803,0.024272754910580757
50,281,-0.6176199999247914,0.022591713422515602
50,282,-0.009515468385537408,0.019646514656648014
50,283,-1.9865758613051954,0.03341816703538322
50,284,-0.6463065610172408,0.02102284592219823
50,285,-0.266157313995971,0.019655296416564782
50,286,-0.2716684923337732,0.019655358045277748
50,287,2.0686339213318092,0.026128334607625012
50,288,-0.2254927398613755,0.019687631646891534
50,289,0.6397544380867866,0.019895459471455094
50,290,-1.9531456920917405,0.02972311783835593
50,291,-0.3308121425865911,0.019666935253732434
50,292,1.4747811354206635,0.018953778373230503
50,293,2.5615251137378596,0.044817562449768304
50,294,0.3246299949583308,0.02014043833362468
50,295,-0.2408508689549913,0.01965481845918065
50,296,2.210619453693801,0.03199783339042195
50,297,-0.6304087450764633,0.021321409571117625
50,298,0.6872003955335159,0.020906075788238512
50,299,0.09458319440475756,0.019043587601815643
50,300,-0.07826026867021038,0.019650466993550168
50,301,1.6296657564906192,0.0196937808456635
50,302,-0.02400572080773863,0.01964726336067961
100,1,-0.19668865958627313,0.019521966866962844
100,2,0.5818541781029095,0.019837699568574698
100,3,-0.6287064793395387,0.02166318967734564
100,4,0.8327968632083471,0.020126937899431853
100,5,1.2704169325460244,0.019019074772713165
100,6,1.5149876099559902,0.019092192187620965
100,7,-1.168816044905883,0.022067037160671328
100,8,0.5905763656500796,0.019024677900466393
100,9,0.0405150395022038,0.019176939493781922
100,10,-0.32627904660527374,0.019978682258057226
100,11,0.8990895261302279,0.020426424992961722
100,12,-0.2410481704958017,0.019509371352495482
100,13,0.2147489905414846,0.018785564844208565
100,14,-0.20662765939055255,0.019975962738742966
100,15,-0.2593637386842166,0.01966604174436982
100,16,-0.10308084812915864,0.019330319750632728
100,17,-0.11003990705114455,0.019384294226667733
100,18,-1.946455065734524,0.03021240336707387
100,19,0.5699837433964876,0.01923387604923585
100,20,-0.33828152181169774,0.019867628499271796
100,21,1.3651977288305757,0.019985132510703545
100,22,0.28079694081207657,0.019036420833070083
100,23,-0.6109727399548163,0.021081879494576534
100,24,1.9544673388062972,0.023578629157419873
100,25,-0.5422632649947291,0.019769942550985388
100,26,-1.4649803461371849,0.030125989148896637
100,27,-2.4174906356468955,0.03370390217571465
100,28,0.7299785470970258,0.019890936243601137
100,29,-0.5739511990901038,0.019745189751679066
100,30,-0.025730739652414632,0.019237261575488006
100,31,0.06165687324582801,0.01919408685237069
100,32,1.612362521609681,0.019229642542637784
100,33,-1.91484886387751,0.029141782801303577
100,34,1.5928638874981307,0.01945542458083643
100,35,-0.13827139171576908,0.019574227363569358
100,36,-0.3656504960226294,0.019979162709845708
100,37,-1.012330193807525,0.022343369268461255
100,38,-1.6335344493568837,0.02539129462228968
100,39,2.074546318600671,0.02651219666216642
100,40,-0.4930578354233086,0.019807035310812123
100,41,-0.092069248495704,0.0190097727909472
100,42,-0.36194397278116613,0.02002513060570049
100,43,-0.7664266639841486,0.020825284568198245
100,44,-0.7497547107195779,0.0218333933017859
100,45,-0.6321221174886767,0.02127206837869315
100,46,-0.440396687538057,0.019779552805302615
100,47,1.296542464143622,0.023875415659125866
100,48,-0.2242881292799388,0.01997685384213109
100,49,0.400487197600121,0.01914801113549801
100,50,-1.8450988206262164,0.028648289509543064
100,51,-0.2821181138727484,0.019977398539363537
100,52,-0.6578767286901694,0.02137400883281178
100,53,-0.5906909898002609,0.021242458797920197
100,54,0.6440235111227086,0.019185020313475982
100,55,1.4956152044652262,0.019254168502448734
100,56,-1.4842016169287853,0.024342224346769817
100,57,-0.7271740318084295,0.02111382468229225
100,58,-1.5402206140335688,0.02471726251075627
100,59,-1.0302375470459149,0.02173498182832818
100,60,0.103818066725127,0.01905642246975625
100,61,-0.6843326753490953,0.021693753575224736
100,62,0.3115600977810121,0.019137608003437105
100,63,-0.6049802395481837,0.0215571582394057
100,64,-0.15365776811286985,0.01910187026969075
100,65,0.30245670563123966,0.018995138553164658
100,66,1.6659142321428493,0.020884554557507134
100,67,-0.33744576562156187,0.01997866370312358
100,68,0.27529942075442126,0.01912520363267287
100,69,0.010178800697382653,0.018931213631880855
100,70,-0.33639300430532365,0.019618340428431514
100,71,-0.20893180374393602,0.019975990167555285
100,72,-0.5101692339512353,0.01976790142755726
100,73,-0.18031682889090095,0.019247808323291312
100,74,-0.30040516541324885,0.019363540863812305
100,75,0.7858673747960718,0.019816345720528674
100,76,-0.6395648306121754,0.021459680163722093
100,77,0.3017896450737486,0.019949641539042107
100,78,-2.699925410143753,0.03653824121115751
100,79,1.088223743824039,0.020927982038242653
100,80,1.812768911327133,0.020862243211911935
100,81,0.20205878757506823,0.019213584348081934
100,82,0.05023226250516791,0.01953715589306836
100,83,0.2930999047320885,0.018942868766675284
100,84,-1.3643462647405091,0.022762398461104737
100,85,-2.158972564824985,0.029461388411491474
100,86,0.5484374787809925,0.01944024838368248
100,87,-0.2858906098326745,0.01997775713881181
100,88,1.2384959615626911,0.01903912503065945
100,89,0.5563729050428177,0.01899598179368075
100,90,-1.211110102579258,0.022256542178571925
100,91,-0.30089419564500447,0.01997768942955096
100,92,-0.10945936921591515,0.019973237166622904
100,93,-1.9786381900834191,0.028860726700576923
100,94,-0.42606695015916424,0.0196151624524754
100,95,2.0827102147971512,0.02506225230237787
100,96,0.32130151727848383,0.019214239700648807
100,97,0.8959086797439111,0.020743088410130617
100,98,0.7589195077645434,0.02036861961657214
100,99,-0.16121176715252117,0.019975434480386224
100,100,-1.1544335916199866,0.022400750589717626
100,101,1.7006114094184694,0.020201352894993432
100,102,-0.6304815184780473,0.02142353023686076
100,103,-0.03948512611204572,0.018955835596713405
100,104,0.12027504489011011,0.018902865843610353
100,105,-0.24831491418564272,0.019977211837151235
100,106,-0.6003610460063775,0.020969948091066427
100,107,-0.5525559877807268,0.01997717549305582
100,108,1.456006568292533,0.021262926604923668
100,109,-0.12507016588716321,0.01906656201145589
100,110,1.5874097154978148,0.019490007717863387
100,111,-0.45656879654431326,0.01970073573554378
100,112,-0.6203017383010039,0.021226027806606082
100,113,-0.3478256797822598,0.019435757465482376
100,114,1.6163355145238745,0.02652207711511232
100,115,1.6060307296321035,0.019454096850789304
100,116,-0.2825692488272306,0.019705038438631736
100,117,0.8350640090716773,0.019902104488350614
100,118,-0.4685415622577894,0.020329184183927613
100,119,0.26119183685091507,0.019040091085649483
100,120,-1.2194215938824449,0.022398572805819566
100,121,-0.2889050858961957,0.019978262777746347
100,122,2.148499456648897,0.027861124664295252
100,123,1.838454225292545,0.021889038928734346
100,124,0.6499079434119375,0.020428630343970924
100,125,0.297543524746984,0.01896455926586197
100,126,-0.9722759300111856,0.02226393942447664
100,127,-1.873972703967575,0.02916353440445757
100,128,-0.21343467729302554,0.019976440613847877
100,129,0.9482074642723216,0.021161740205009705
100,130,-1.4859120393411622,0.024415788066266635
100,131,-0.2446704208001377,0.019302208515115032
100,132,-0.21107577530685676,0.01960299547998485
100,133,-0.2932377057586766,0.019978142472477096
100,134,0.1794969958420742,0.018956028771611972
100,135,1.410442713542529,0.019113872041239953
100,136,-0.20362753733395236,0.019685074444871654
100,137,0.05275345924501115,0.01911744573597462
100,138,-0.5164438384393345,0.019597892147168113
100,139,1.1907223406191147,0.01937953679688344
100,140,0.17605348740325916,0.01900819496877106
100,141,0.4267286997945404,0.01886511887330291
100,142,-0.8024865028287026,0.0207722861924338
100,143,-0.8140846240348913,0.021586654831475337
100,144,1.8180538701118134,0.028882837857741088
100,145,0.5204724233316863,0.0190089003454637
100,146,-0.26241897236410194,0.01997741243790364
100,147,-0.2587796624733387,0.01927523189598419
100,148,-1.943699025090447,0.03395658973556401
100,149,-0.6313802481956934,0.02126636546100472
100,150,-0.10907133322635888,0.019323853690621395
100,151,1.723271615248778,0.026778817092592947
100,152,-1.8615119742320145,0.028795979954003525
100,153,-0.2594271488477399,0.020249775058552636
100,154,1.6463649021186362,0.019976747053948658
100,155,-0.6482953573096418,0.021499032500074476
100,156,-1.766533356779235,0.028672845218920596
100,157,-0.5892872019530994,0.022850813882015646
100,158,0.6615277345263416,0.0191018364986959
100,159,1.3168079393419274,0.019027168085871255
100,160,-1.8373879349307265,0.02852562519081283
100,161,0.4054799934639274,0.019596117321282153
100,162,0.4949019680737445,0.01914463835908631
100,163,1.3459561222871756,0.019070321982838555
100,164,1.1809008300079318,0.022345867316648876
100,165,-0.4728609051606173,0.02031888984498228
100,166,-1.9046104975419647,0.029142756482352667
100,167,-1.1700372944402522,0.02166229285458282
100,168,-0.628065491675701,0.02020689204384114
100,169,-0.8470072409330867,0.021634342462503838
100,170,1.9673067258825632,0.023366747140277356
100,171,0.5966594024041049,0.020169285082404467
100,172,-1.1762022941682817,0.023077422923566737
100,173,0.4148014915425298,0.01876743756630929
100,174,1.7630222622412164,0.02086658343089545
100,175,1.4398473539487682,0.019106709281311505
100,176,-0.17789045851129148,0.01936814724871483
100,177,-0.15298162357441794,0.0191020948284188
100,178,-0.020333934270551857,0.019200900925571755
100,179,0.7936409073668533,0.019825901002808472
100,180,-0.38685683463939924,0.020087310666385506
100,181,-0.3562890225587594,0.01997891589019643
100,182,-0.30801547518290645,0.019008353815191285
100,183,-0.843754050714904,0.02111675550649416
100,184,-0.21046426051432401,0.019186463244975926
100,185,-0.02259683130348529,0.019377327432163718
100,186,0.008152352868093682,0.018989019344868626
100,187,0.43851526302548854,0.019470203511009938
100,188,-1.097595187680861,0.022782936371593284
100,189,1.4902212912165298,0.019263637891352353
100,190,0.034478181201423014,0.0191634461468826
100,191,-0.7466843858484907,0.02000426851492987
100,192,-0.2590791113523344,0.019977525887692017
100,193,-0.9945582174726062,0.02168809715730662
100,194,1.4303060224961492,0.01913443412624401
100,195,0.320472152859866,0.01987859946793098
100,196,0.9086318841777489,0.021115281819089927
100,197,-0.8170582650271337,0.02205679263613381
100,198,0.39639262779079437,0.019833168719196957
100,199,0.05502079074541997,0.01952452688701757
100,200,1.4003665185531389,0.019053138432134225
100,201,-0.9847093491452019,0.021650646548980232
100,202,0.6432016645583699,0.01938474713430513
100,203,1.7527319654812457,0.02017184876266639
100,204,0.005873502600001528,0.019231049203192217
100,205,-0.22158829215271741,0.01997680271796181
100,206,-1.3405781942187545,0.023947872816686915
100,207,-0.6356536254403866,0.021022125153200566
100,208,-0.40984918641614354,0.019979600501207263
100,209,-1.1834082573514833,0.022773205646315898
100,210,1.5345331719020658,0.01951716081223766
100,211,0.6583210595985046,0.019383909718400972
100,212,-0.6726736068781752,0.021637453982818543
100,213,1.3557436466255475,0.019049512404385315
100,214,-1.108984652311264,0.022205278393746232
100,215,-0.28576520353133306,0.019977842975193793
100,216,-1.2269747147502703,0.023389623099533463
100,217,0.08816809871131366,0.018943739742127194
100,218,1.3998861392308024,0.02102549840989137
100,219,-0.19088066161338296,0.019976026930519402
100,220,0.1540510377257507,0.019190495748164227
100,221,-0.660186053212449,0.02118239829377473
100,222,-0.36822785268734437,0.019832128315276136
100,223,1.7062481536626672,0.020195374974618197
100,224,-0.5197502084139498,0.021022938978540382
100,225,-0.2133938624932757,0.019582473912006484
100,226,-0.6320276188480116,0.021155688300088526
100,227,0.8643286709760203,0.020839407820286586
100,228,1.4809840359242126,0.019259291452126934
100,229,-0.6321747251398853,0.022106501863630695
100,230,-0.09773970551316037,0.019265935710834032
100,231,1.0464936758668144,0.022405919959424193
100,232,1.5179125936376863,0.025575612369890265
100,233,0.24877030089997232,0.01896936015400182
100,234,-0.21339386249327455,0.019582473912006484
100,235,1.414028154453177,0.019105942726670024
100,236,0.2896971925745345,0.019056554910014616
100,237,-0.5998768470828804,0.021402030697931097
100,238,0.2814807808800011,0.01926084632925691
100,239,-1.6946110544996427,0.028897123047346686
100,240,-1.246741188567857,0.022741496152316094
100,241,-0.1810534809747713,0.019975819326668094
100,242,0.822759563044576,0.020644197221085556
100,243,0.0346144817666181,0.01918243123440386
100,244,-0.3769267424349398,0.019979194171433446
100,245,-0.31620069611639084,0.01997788831040167
100,246,0.47840783900291606,0.01942628489772107
100,247,1.6543137971120887,0.01943617146190286
100,248,-0.7056617866870812,0.021715730358788522
100,249,1.1020176787380673,0.020643605790875902
100,250,0.703418319954598,0.01993162404736304
100,251,1.7618176687820435,0.021057173712720787
100,252,1.2073841800320209,0.01904030220080808
100,253,-1.2618075548923589,0.022589096991473375
100,254,-0.35597434198052286,0.019233286245764442
100,255,0.1304047888046295,0.019163336038541867
100,256,-0.12770100766494016,0.019188629418427312
100,257,-0.5957065735342031,0.021930833670134594
100,258,1.7308492610261947,0.02109507109424941
100,259,0.22664156562975749,0.018944329158740784
100,260,-2.4167870063928096,0.03278950294971598
100,261,-1.0066383922177642,0.02131747590785173
100,262,-2.1461797217148875,0.029385113472635713
100,263,-0.8687522415055366,0.0212009614197649
100,264,1.3069280582917604,0.019028300816497697
100,265,1.360557777587339,0.019070147543611204
100,266,-0.2676447037045838,0.019977189094834147
100,267,1.3356856148739966,0.019026158534664203
100,268,-0.645716084316417,0.02173307205716851
100,269,-0.9551672361967823,0.021083194353769125
100,270,1.571442681226253,0.019494623481388904
100,271,-1.7748548844138679,0.028448742707085504
100,272,-0.34335839374270916,0.01997884030862872
100,273,0.41165392875817586,0.018973705048382358
100,274,-0.5389032059925042,0.02259374577634557
100,275,-0.3220627283549644,0.019392153426143862
100,276,-0.4641412889057797,0.01961722003004894
100,277,-0.5605815860789113,0.021179986171603785
100,278,-0.6515724270817682,0.019927036348855554
100,279,1.44060588524098,0.019120290761685536
100,280,1.1353356570055553,0.02365717094068196
100,281,-1.4864782857432002,0.02388616552632991
100,282,0.11028279846244113,0.019064703337391516
100,283,-0.647676685357314,0.020330998027289528
100,284,-2.2439548740179314,0.03733133714300051
100,285,-1.260523840212947,0.023167388832705946
100,286,-0.26085395448099596,0.019977557247681847
100,287,-1.7532895771991883,0.026125490994357098
100,288,-0.7679042610160454,0.02118375334578405
100,289,-0.18750934663868232,0.019331481817940498
100,290,-0.061978068126214564,0.018985744569531043
100,291,0.4891273376615892,0.01934720625978035
100,292,-0.26760553664627823,0.01982363542628291
100,293,-0.5070222176190147,0.020042628309058255
100,294,1.222184175125352,0.01904822624419661
100,295,-2.504746044191784,0.032235935405644414
100,296,0.036551445558727205,0.018910814579080122
100,297,-0.07208223517563449,0.01885955445781366
100,298,0.7020057519059909,0.01938147318495298
100,299,1.7673102760416013,0.028057644967337647
100,300,1.4555232960197875,0.019266337473502752
150,1,0.6264887233931695,0.019620098250504762
150,2,-0.18508145288143,0.020124994689950656
150,3,-0.3182809467281731,0.01936789026935714
150,4,-0.19698609294560163,0.020309562933556267
150,5,0.38974036701488296,0.018840861186938573
150,6,0.4026844758382565,0.018818086274998546
150,7,-0.8725126824279491,0.02113236097430897
150,8,-0.6463467184675528,0.021769064693820273
150,9,-0.6709375229232232,0.02091703719059786
150,10,-0.49831054804662805,0.01983497622336729
150,11,0.15302287725298852,0.019301918437271415
150,12,0.24745729518561216,0.019230583466710804
150,13,1.4990561429583649,0.019299344839151338
150,14,1.569148051010258,0.019378143990824034
150,15,-0.6247402237246733,0.022245359920467545
150,16,0.7157498329093293,0.019321355167301945
150,17,-0.0036763844076597007,0.018176820032419053
150,18,0.07827051275472507,0.019040045088054892
150,19,0.41907916846478976,0.019348024469372074
150,20,0.023840851301545958,0.019693075544674053
150,21,1.2106791159473784,0.019330217581417685
150,22,0.9289667192467701,0.02083220125348188
150,23,0.06720805623013894,0.019086798504317416
150,24,0.6766698938236619,0.019304255214141124
150,25,-0.010317406760272234,0.01972751908941149
150,26,-0.0391936978603624,0.019475555509828702
150,27,-0.1685656046340607,0.020000949188164297
150,28,1.666075703671098,0.021983742996658534
150,29,-0.25648942999296365,0.02030962558613148
150,30,0.4706279045717091,0.019254625804853057
150,31,-0.5400621382331734,0.021007198668929528
150,32,-0.14178904895551458,0.019866272229343104
150,33,-0.30667281607006697,0.02031048997865075
150,34,0.5789528304239787,0.019267770395866135
150,35,1.4524562918460657,0.019428810348702637
150,36,0.32392651129582134,0.018925870623110335
150,37,0.20414734770261633,0.019276265711843304
150,38,0.9056176818689761,0.01943664374040614
150,39,1.7079451141531878,0.020528978074387277
150,40,1.097727300480773,0.019418638915350207
150,41,-0.002200572336787967,0.019099179442241553
150,42,-1.6537964041451536,0.025016912663271645
150,43,-0.41030421527556915,0.01971139376425928
150,44,-0.3745144881298458,0.019065730968364565
150,45,1.6465389802587183,0.025992829838987878
150,46,0.4214727571182902,0.019174955558415373
150,47,1.1412619905122026,0.021460536043996926
150,48,1.4685362048643509,0.01921496612137588
150,49,-0.10373891886778751,0.01972059764245516
150,50,-0.33989119686615793,0.02038413660199787
150,51,-0.49702314823067617,0.02089303725843392
150,52,-0.7059825937102313,0.019806197385233846
150,53,0.034611877035258684,0.01952098217541413
150,54,-0.20391178484121428,0.01881268149429484
150,55,-1.1719337684609374,0.021450692764645656
150,56,-0.13145109130356442,0.019374351793495344
150,57,0.13422160342267747,0.018954493367537108
150,58,0.5215470059116138,0.018918127892600684
150,59,1.439881380149467,0.01945275874074946
150,60,0.07378488121272289,0.018666715100668106
150,61,1.570508240278914,0.019812891099908084
150,62,-0.12614206398708283,0.0203556932202509
150,63,0.6858686486887926,0.019386224664705902
150,64,-1.7922842852837304,0.029115136038635372
150,65,0.3151046769437359,0.019256934866349457
150,66,1.397207986142756,0.02268359491921362
150,67,0.35487768426406185,0.018840918361282818
150,68,-0.6398129853890253,0.020786274791343907
150,69,-1.9702579287900488,0.029759831623836157
150,70,-0.5128803806925488,0.019841917726789813
150,71,-1.0031554831637013,0.021255600975887256
150,72,0.6493729721176614,0.019360673016711943
150,73,0.1492778484807316,0.019124623880363772
150,74,-1.825368888099236,0.02894226521584122
150,75,0.384428634057463,0.01916997924157468
150,76,-1.3352183192407014,0.02340378323269094
150,77,0.16456064022624514,0.019042494282020126
150,78,0.6943768818520413,0.01951074783476751
150,79,0.5542799905765097,0.01914504214216771
150,80,0.30241131016956535,0.0193155053718474
150,81,1.2830030970861726,0.019342633447572567
150,82,0.5259657332646375,0.019146711521668268
150,83,0.4307967654257337,0.019423687003912532
150,84,1.3682252428545034,0.019387352725019878
150,85,-1.0770253409139179,0.021554968932219188
150,86,-0.42692321111661935,0.021313263065945297
150,87,-0.23523920648657823,0.020635163728625627
150,88,1.227514589846031,0.019349017253837773
150,89,-0.18103397944863028,0.019150298827639665
150,90,-0.44377070715615907,0.018881373426453803
150,91,-0.9517600432027822,0.021073409157207675
150,92,0.272690352623821,0.01922587239762646
150,93,-0.38869470229624525,0.02031316438743993
150,94,-1.0143674380805445,0.021225387727920368
150,95,0.7494057083606607,0.020138644861586504
150,96,0.005983504710839379,0.019121024446370795
150,97,1.3088011608299632,0.01933413098047723
150,98,0.6266250050691781,0.01909033655567878
150,99,-0.6076790274975208,0.021745273569576437
150,100,0.07726964440493667,0.019441643136948242
150,101,-0.3376358391759037,0.020310939998193042
150,102,-2.428207274972074,0.0333402313458615
150,103,-0.10838451134473484,0.02031277622375779
150,104,0.8845620129951411,0.01977028982899115
150,105,-1.6404754692491823,0.02463820105398411
150,106,-0.12356435676403989,0.01938563486430825
150,107,-0.3606557969123578,0.01994750434648196
150,108,-0.2206191695011336,0.020058238173634932
150,109,0.16930758909369573,0.01889631496728857
150,110,0.0011116877445356299,0.01955421419098493
150,111,0.6335960428091576,0.018658823170273574
150,112,-0.09976572456057331,0.019268049106451694
150,113,-0.3574388968431321,0.019738646060747773
150,114,-0.1048267443721543,0.01961701164845086
150,115,0.5930299253826771,0.01905096511697376
150,116,-0.9249813852199873,0.021620670929275387
150,117,1.3676101721808336,0.022589954768039947
150,118,0.8131854176986529,0.0203960219398768
150,119,-1.3296155540910128,0.024539881529048353
150,120,0.7129413531340496,0.020076358294447667
150,121,-1.0898823371162774,0.021255448167799812
150,122,-0.6309571350497918,0.021418383098284366
150,123,0.3990304492423994,0.019045120079657214
150,124,-0.10793494885458077,0.020305766194696283
150,125,-0.08240842771185218,0.019271869249121734
150,126,-0.5171724013873515,0.02037084146719153
150,127,0.5285565060786035,0.019198681334869194
150,128,0.5297814272991069,0.018792615190351518
150,129,-0.06141858561117099,0.01894083863709714
150,130,-0.3452137827044157,0.01974460197356433
150,131,-0.5878703249384425,0.019825855267176572
150,132,-1.97735592043565,0.0283014289090059
150,133,-0.05357586824559546,0.019195209172711235
150,134,-0.6535660587554707,0.021932855971565753
150,135,-0.29608007821005594,0.020311712189913733
150,136,-0.22728462757147094,0.02010804898252361
150,137,1.114991678379747,0.02071070193304961
150,138,1.25788879902662,0.021493351009801112
150,139,-0.8558866226507315,0.020631442605758027
150,140,0.2963852979548905,0.01914132718741009
150,141,-0.045784940786342467,0.018916052259304546
150,142,-0.5276894879098851,0.02088098223215131
150,143,1.0067871211794919,0.02093434655416509
150,144,-0.36571884507275987,0.020551186241740804
150,145,1.2796922176309338,0.01934710261758594
150,146,-0.16518014807625353,0.019500992994106275
150,147,0.024908864603898604,0.01939911310969374
150,148,0.9531485193985063,0.019294974952570206
150,149,0.2819197930213432,0.01904386692524758
150,150,1.301335077346131,0.02183233747648735
150,151,-0.717704674897634,0.020475804065760782
150,152,0.27220407333688873,0.019171593332256397
150,153,-0.38331718252212577,0.019754622253683726
150,154,0.5026197009894668,0.018950029046319233
150,155,-1.9592462183353585,0.03433782503412605
150,156,-0.29070730119684224,0.019117842996270472
150,157,1.3721568380692988,0.019387374031280147
150,158,-0.5917473424063148,0.01977752497629575
150,159,0.38982341116231745,0.019180344324031078
150,160,0.6081301672969822,0.018965378628571186
150,161,0.6206954388063894,0.019951344173036185
150,162,-0.712669009405809,0.022308764644718888
150,163,-0.5827124031171237,0.020716140263974506
150,164,-1.3366951652868813,0.02381765143712746
150,165,-0.05701315611686051,0.019356443313110764
150,166,-0.23438518273498615,0.01914426625502328
150,167,-0.7410570202112321,0.01965166676496732
150,168,0.3794080788433046,0.019457129199216567
150,169,-0.0013748428970631983,0.018706521711201574
150,170,-0.30380670672803295,0.01894275015099389
150,171,0.008969671446277768,0.01955316300025242
150,172,-1.134887655719617,0.021776797741552275
150,173,0.43579469775721696,0.019031885209524736
150,174,0.41191066435064655,0.019128004129137066
150,175,-0.6500516608470862,0.0198881506998498
150,176,-2.119387425451809,0.029257979028798124
150,177,0.39821409999084434,0.019256452189918845
150,178,-0.6822430782419878,0.020911502273216555
150,179,0.15960182126647957,0.018675240365733776
150,180,-0.8554982484515804,0.0213520136216161
150,181,0.32275058069797186,0.01873296582664933
150,182,-0.23811862702482134,0.02064522777750386
150,183,0.051383085073294366,0.019107882627395784
150,184,-0.3950481785946346,0.01978684652253362
150,185,1.1778441702123157,0.021792109488962524
150,186,0.10763934737349058,0.01817458448184553
150,187,-0.8286786450700474,0.021586370518508716
150,188,1.296893048068413,0.02169185302966568
150,189,-1.4495141562599947,0.024281872045158935
150,190,0.31107695282661085,0.019164802164840605
150,191,-0.24443269157448952,0.020309535578024236
150,192,0.44946610452947905,0.019158458796717348
150,193,0.4569379494934818,0.01908893609462615
150,194,0.04678738086702947,0.01952588454133403
150,195,0.40356470848801684,0.01926795814538383
150,196,1.2508938881640876,0.021563725251264966
150,197,1.118358599007167,0.022120962776649523
150,198,-0.3266181789468894,0.02018305965303389
150,199,-0.10682969549337104,0.01926800539400885
150,200,-0.30191783199882477,0.020178479295693233
150,201,1.9657231415433258,0.023759000805748345
150,202,1.2397363147030271,0.021118955157430497
150,203,-0.28805260087836715,0.019088318844517015
150,204,-1.3821371048304956,0.02295682397231942
150,205,-0.12547071056300232,0.019308206369682748
150,206,0.2181705996456215,0.01891713040038459
150,207,-0.3418385086067447,0.019297113791030655
150,208,-0.7311795290718348,0.02233723070596412
150,209,0.25189084038204596,0.018904341163431454
150,210,-1.9038596706864297,0.029144923610300487
150,211,0.1782224119540823,0.018945615095584574
150,212,-0.801285912615006,0.021624489410970112
150,213,0.5334814096847861,0.018793700596945517
150,214,-0.9885820070874742,0.022507036310153685
150,215,-0.7058652638583754,0.020526424367299748
150,216,1.09849605568777,0.02137082576668568
150,217,-0.1359482969218462,0.01936732212556798
150,218,-1.951655481368632,0.030713782507695284
150,219,-0.7796867861185821,0.021940098208578535
150,220,0.18519018776084625,0.01930953452345968
150,221,0.6788358823430833,0.0197071998179473
150,222,0.06023156851526196,0.018660128025158224
150,223,2.0667313225749853,0.025570055155474457
150,224,0.2978310214634242,0.01868549724646415
150,225,1.175453714648699,0.019369897003177337
150,226,-0.5058475519574627,0.019828748725774458
150,227,0.030909526756305407,0.018870193194471124
150,228,-1.7607942679625033,0.026380736190181425
150,229,0.27960334641294765,0.019163254646465604
150,230,0.6902014969706206,0.01950364905606731
150,231,0.7810862100729088,0.01938168331339381
150,232,0.148402117747245,0.019268802006287188
150,233,-0.39504817859463437,0.019786846522533624
150,234,-0.41707877385391556,0.01949824429159326
150,235,0.18162800561950862,0.018882066506014497
150,236,-0.10427435666698652,0.01935315861018143
150,237,-0.11061182778904417,0.01898933630813056
150,238,-0.652215929912167,0.021378969554056857
150,239,0.24612353736721496,0.019244382003107033
150,240,0.516013325984661,0.019379518559835933
150,241,-0.23100010722205083,0.019522428902874343
150,242,0.17589334730081535,0.019330751523007846
150,243,-0.29131755888737415,0.019572370759648596
150,244,-0.7240102134321745,0.021514580631865385
150,245,0.17939613503062704,0.01926432882751302
150,246,0.031993067213913165,0.019908446390641828
150,247,0.26071759923503773,0.01926241695005291
150,248,-0.17915298797524293,0.018773200525644112
150,249,-0.8605231942356845,0.022005465859066358
150,250,-0.03200460755832013,0.019245877015036703
150,251,1.070267584806772,0.019433770983146387
150,252,-0.4633116337555623,0.02119461068742868
150,253,-0.8395477262098996,0.02109781806925384
150,254,1.6627865042865402,0.01999245956173278
150,255,-0.2677377685569961,0.01913811323351204
150,256,0.8062442135589404,0.01974203564573564
150,257,-0.6543242326656721,0.019813548352408426
150,258,-0.618591192084719,0.020720268765440513
150,259,0.9823843602979372,0.020737329909491696
150,260,0.3924268690726801,0.019174750560102528
150,261,0.382424488054197,0.01917092995039697
150,262,-0.22687765535391927,0.01982718074218583
150,263,-1.8481078181842185,0.029287455833068337
150,264,-0.21502558336980987,0.0203087181083105
150,265,-1.7435094753061793,0.029143032055166447
150,266,-0.6755379577643297,0.019971254306342317
150,267,-0.9672824568357407,0.02154416151664616
150,268,-0.556270245843605,0.019556072564900096
150,269,1.1917965483152029,0.01936703986494795
150,270,-0.618271958620291,0.02156524248375859
150,271,-0.9478261114536929,0.021085069619540427
150,272,0.08015372569033706,0.019118115231986643
150,273,-0.3786535166000698,0.019264849316910554
150,274,-0.61611488342398,0.019613140750144767
150,275,0.9045089745037903,0.020188409555585807
150,276,0.11913639109199768,0.019120993092956763
150,277,0.3455754810379484,0.019259559620022182
150,278,-0.4869339498310302,0.0194713978660952
150,279,-0.8463120583236755,0.021663132343042978
150,280,0.4365226102181991,0.019038402770758633
150,281,-0.5835735503067653,0.02186983424307949
150,282,-0.16505544849140869,0.019728906864878763
150,283,0.03485032584597286,0.01876063802398177
150,284,-1.886841094015201,0.030722758005872878
150,285,-0.18063051225971097,0.01916763839159972
150,286,0.09360203835276372,0.018523973971474997
150,287,0.4698494085513535,0.01944137410508225
150,288,-0.25976617828992504,0.020311099385212073
150,289,-0.3178180855238791,0.01929201041289177
150,290,-0.4237604687038052,0.019979367363269506
150,291,0.49094299144093034,0.01929042951580986
150,292,-0.32029245822604063,0.019896179798792695
150,293,0.5466366286994069,0.019250939119750635
150,294,-0.19311825936936217,0.018890303393162215
150,295,-1.810815277127195,0.025950234023062194
150,296,-0.3131346850708632,0.020310597994873527
150,297,0.5503358016377824,0.01946142916795238
150,298,-1.5279481316019043,0.024533484628249967
150,299,0.22736953728250012,0.019294185601128232
150,300,1.2567729555357974,0.01935359259326361
200,1,-0.6240023645141186,0.020588706407549652
200,2,0.7907028716751014,0.01957550032885718
200,3,0.25391730809199853,0.018933310076080356
200,4,0.5845160036498892,0.019163893973078692
200,5,-0.8364415022711387,0.022096118549035575
200,6,-0.2919902012842853,0.019943141823183838
200,7,-1.0383844583033812,0.02285951252564941
200,8,0.015903023602347917,0.018649707760463218
200,9,-0.557215902661307,0.019897158651066796
200,10,-0.3351068183785005,0.01906630923917278
200,11,-0.8502713069574798,0.021334281261917897
200,12,-0.2641703011539333,0.019892462141172094
200,13,-0.3057287827107489,0.018675452771743963
200,14,-0.5357756407012679,0.020028564832053182
200,15,0.49100669530661945,0.01949760174551469
200,16,0.15799604700187514,0.0188203245116208
200,17,-0.3572953997022645,0.01986271898796749
200,18,-0.027552969987333205,0.020165921436263442
200,19,0.7510288049677319,0.019006421249705818
200,20,-0.3092684596947668,0.01892315606564197
200,21,0.18795088008683036,0.018864845384780827
200,22,0.5307437873225656,0.01918001665064483
200,23,0.8965382290414575,0.019307041566792842
200,24,-0.2854378146508458,0.020056629121912747
200,25,-1.6969566724018654,0.026794818841140492
200,26,-1.1985321719584687,0.02237366024693673
200,27,0.1835191684094919,0.019106988594613288
200,28,-0.15519788576363724,0.019938282253593582
200,29,-0.40763896281717193,0.021471675078551158
200,30,0.6699240740643432,0.018992928540113422
200,31,0.6480510647224844,0.018689474437039687
200,32,-0.3599521133971156,0.020651638239608864
200,33,-0.2239376805137306,0.020655283603771234
200,34,0.05476626877962808,0.019671042923469977
200,35,0.4723823029685274,0.01888027010810312
200,36,-0.38843322576488526,0.020394295347377037
200,37,-0.20647306439567437,0.02065229776041594
200,38,0.06651287764588135,0.01898221230547183
200,39,-0.2745357828359613,0.018427995678233566
200,40,0.3896474035404822,0.018867950760486845
200,41,-1.6520823655120809,0.0295697802809321
200,42,-1.5826855347856017,0.02460861449107572
200,43,-0.8931118326290821,0.022145648279475544
200,44,-0.6967833342783267,0.02031622320048464
200,45,-0.2716137359678203,0.018267090731450098
200,46,1.3405022102495519,0.019785101414585414
200,47,0.45823282633278795,0.019056569455570525
200,48,0.38293380146597794,0.018747086742637562
200,49,-0.6917136554925607,0.020697749149020055
200,50,-0.22761041439536372,0.02065326124806823
200,51,0.04221143771971522,0.019018550161481847
200,52,-0.316444363360513,0.02060383236941394
200,53,1.1752476517601131,0.019718632281145638
200,54,1.2201906264068347,0.019693336034497633
200,55,-0.12688231404324565,0.019713054997725393
200,56,-0.39259919935930876,0.01907764007253112
200,57,-1.4609550291672577,0.023832506855296903
200,58,1.374030514253138,0.019080850764750103
200,59,0.8423220841152211,0.020062811355501687
200,60,0.1952790055753111,0.019643717953635172
200,61,-0.6365956595961358,0.019600253395577746
200,62,0.5741811936679968,0.019380047567435766
200,63,1.4088253278979754,0.019401443922423132
200,64,0.5219571250595125,0.019450558410947335
200,65,-0.3239871447845498,0.020011638585502846
200,66,-0.027268407016550436,0.019817520601926573
200,67,-0.48502990416074526,0.0196365742182471
200,68,1.0466683976117157,0.020992247723738738
200,69,0.12678832512934401,0.018355943869775737
200,70,0.45232103986840594,0.01912833850114011
200,71,-0.02737675337471731,0.020042844761368934
200,72,-0.23681177775809634,0.01951293920428973
200,73,-0.03957461115974484,0.019827740276394223
200,74,-0.1304469623051934,0.019065178761211752
200,75,-1.3420403843663107,0.02279375076997086
200,76,0.29085314143089036,0.01870954659048258
200,77,0.7859036302107013,0.019682716536113767
200,78,-0.8499640753927188,0.02182322993531726
200,79,1.1444187960801195,0.022050746925551326
200,80,-1.0503023965467098,0.0226647314486939
200,81,-0.021072570088271472,0.019194732247200683
200,82,-1.1783079820883824,0.02393369623073109
200,83,0.1557546296532797,0.01877498763558404
200,84,1.256084661161453,0.01967166353945371
200,85,0.548924811628746,0.0185748918642849
200,86,0.020923373435756534,0.019907258792761763
200,87,0.6357226288312279,0.019064558793430296
200,88,0.40243776748028515,0.019171434566494026
200,89,-0.06348940053508546,0.02012835938783389
200,90,0.29573002172826895,0.019406755587791723
200,91,0.9896705677957481,0.019478476391357812
200,92,-0.725996272100288,0.02293888980507495
200,93,-0.022186414665906574,0.018920278617926393
200,94,-0.6840972595688206,0.019990657476547963
200,95,0.11821018412228364,0.018810518668193124
200,96,1.0232476968731312,0.020495602502585402
200,97,-0.5340991673740927,0.020449346004351537
200,98,-0.16725467993466223,0.018646127112904105
200,99,0.7938981380728571,0.019014002741593955
200,100,-0.15969737936596026,0.019692594328270762
200,101,-0.83481178607456,0.020399498773707694
200,102,-0.15662796950528207,0.019333021149993215
200,103,-0.064004853817095,0.019925744460392063
200,104,-1.0371858209207765,0.021484437777744957
200,105,0.43180841876178555,0.019410700189896067
200,106,0.055228173220166266,0.019845768187699786
200,107,-0.17770363938593636,0.019116701615578196
200,108,-0.5305879517433716,0.01969729404059367
200,109,-0.08839356078138891,0.019535038315998354
200,110,0.8985282569998744,0.01978307205700879
200,111,-0.8612045617593678,0.020934006064323815
200,112,-0.12179037505705087,0.019457642107543156
200,113,1.1113490055754205,0.019763490075937352
200,114,0.6875772083508113,0.018885935521041085
200,115,-0.30827401163418805,0.021239353783710727
200,116,0.5347515908461179,0.019434004498840307
200,117,0.9750607146214927,0.01933498776746436
200,118,0.09237837354616936,0.020412140354953135
200,119,-0.6708591709247261,0.022060120981251815
200,120,-0.14911544512380395,0.01959286445704127
200,121,0.12377456427421263,0.01976098326511998
200,122,0.9456361406118899,0.01982717827157224
200,123,0.014750190104572552,0.019782959451598678
200,124,-1.076797029725872,0.022079055235834283
200,125,-0.45687017151028025,0.01960040405671504
200,126,-0.6826122847543389,0.021384198952654317
200,127,0.10802771188555005,0.019942277990946913
200,128,-0.1808003399526819,0.019729739069523355
200,129,-0.11559739295010643,0.018856123994087384
200,130,0.3352272228866792,0.019182224332969025
200,131,0.010332768018603142,0.01997801961871759
200,132,-0.34493201075096164,0.02065511353639029
200,133,-0.44376609632599,0.02044914706294168
200,134,0.3481768442274078,0.019461223934644667
200,135,0.04396323929370336,0.01902628524857125
200,136,0.5668509155339281,0.01873848251524441
200,137,0.056523561859763025,0.019237453865121813
200,138,0.47243037202164506,0.019144267760151823
200,139,1.059435335251326,0.01978879470135783
200,140,-0.2799876753514398,0.019090434190366733
200,141,0.8174951962421632,0.01935015210056732
200,142,0.15032719692170082,0.01878532706886689
200,143,0.213001939721833,0.018570745758928146
200,144,0.5641481651670182,0.01931597428277389
200,145,1.0527813863257562,0.019785404811774262
200,146,0.038487084642742246,0.018830984665778264
200,147,0.6099303085967464,0.01918844430676227
200,148,-0.2308056992018645,0.0200339529682354
200,149,-0.5359627193480245,0.018508104832002787
200,150,-0.29601714651418914,0.020657051528606928
200,151,0.048515594078171,0.019336267461426176
200,152,-0.1482347912066016,0.020383090282228213
200,153,0.2761047420881462,0.0195633084816789
200,154,0.23194783059255186,0.018734689509044958
200,155,0.049940900226352586,0.019378406243433167
200,156,-2.3171853286764863,0.03191382381277581
200,157,-0.10514014695318945,0.019092720094450386
200,158,0.4381238600791779,0.01853113204647961
200,159,-0.5273513365683605,0.020616319147545973
200,160,0.643592539838392,0.01925246353455527
200,161,1.4017283240735512,0.020189167042540132
200,162,-0.338228824436335,0.020218427944323988
200,163,-0.21656949850538998,0.018954270677757463
200,164,0.16438204395421838,0.018870457168143683
200,165,0.06086280951602097,0.01884948057227534
200,166,-0.2817529686260304,0.020654200816692926
200,167,0.927538429196156,0.01983453847024137
200,168,-0.02348883488303633,0.018841970746801422
200,169,-0.10004114547427671,0.01933948106807788
200,170,0.0021792420091324696,0.01885504969224852
200,171,0.2791598306775715,0.01954358049805925
200,172,-0.17006775189524476,0.019775525341287754
200,173,0.36827104607775196,0.01942834507943037
200,174,-0.48400683312727383,0.01995574414371183
200,175,0.2917100435445236,0.01856259800922018
200,176,0.17353271331079564,0.01899489613459104
200,177,-0.3614677191210252,0.020658217709133495
200,178,-0.19800816054796738,0.019235789501046374
200,179,0.61228208927138,0.01934566096779414
200,180,-1.0055353377845748,0.022797828276876493
200,181,-0.7373827900066316,0.022900165715814075
200,182,0.6981251748525928,0.019216667501842057
200,183,-1.2758236542370802,0.02388848995045265
200,184,-0.8015831669495798,0.021860860313623498
200,185,0.6725179480712834,0.018895303368124654
200,186,0.02785134550887868,0.018756234393970124
200,187,1.3600243955850313,0.019680505040482927
200,188,-0.8154919245422795,0.021376061460287005
200,189,-0.3235621768631087,0.019435064922453463
200,190,-1.3368134852412312,0.024083583986731494
200,191,-0.10060841341855853,0.019423053613496093
200,192,0.8289401600970396,0.01960152199964208
200,193,0.7831091106037462,0.019263793202554485
200,194,0.7592660151413033,0.020121456186124886
200,195,0.4655634180182846,0.019135973912098883
200,196,-0.4631297890839722,0.01987861120346647
200,197,-0.37077754525340734,0.020491665871865627
200,198,1.7097679763281604,0.022456592738449063
200,199,-0.07683928492074074,0.019464925163893382
200,200,0.20173865820293083,0.01906434981546268
200,201,0.04341511386443747,0.019774561668112114
200,202,-0.7547633189385644,0.022978285151400633
200,203,0.24433815761619973,0.019541227129650375
200,204,-0.5019760116546865,0.019513478405122683
200,205,-0.3652299281384407,0.019785421571771263
200,206,-0.17311345469844908,0.019191907771810884
200,207,-0.09771202098028277,0.019111713081270694
200,208,0.11833273918529802,0.01879787951605429
200,209,0.21981237616488902,0.018878620685541046
200,210,-1.351702811885047,0.02399668804131143
200,211,-0.22827960463462726,0.020069922084607138
200,212,-0.3333903944757611,0.019000926512217676
200,213,0.8855720192604077,0.019810162663146204
200,214,0.49234657644772534,0.01926670189111243
200,215,-0.02823541622879569,0.019270589031910968
200,216,-0.6152856285781944,0.022461298115344863
200,217,-0.5597925946271202,0.0210799492418011
200,218,-1.3077503524206595,0.027833679999924237
200,219,1.2430282033829847,0.019680261610541365
200,220,0.44529462130880426,0.018930175552597756
200,221,-0.3277291827789697,0.019353994087969492
200,222,-0.5482250660656877,0.019394373509747688
200,223,-0.0398802660955601,0.019464428316461658
200,224,-0.45790824106360173,0.02046708255584859
200,225,-0.18136913229261406,0.01930563572996276
200,226,1.6466487119034499,0.023934360215685596
200,227,0.838855259951685,0.019761048230259478
200,228,0.1496730634867547,0.019066026870738134
200,229,0.6103222949731432,0.019017432394547822
200,230,-0.9415789560928816,0.020887813948323897
200,231,-0.10778335560480633,0.01904545930854633
200,232,0.016238815382931367,0.01995527418886777
200,233,-0.6493848938630953,0.02014610970965363
200,234,0.4603025339188004,0.018995289811038474
200,235,-0.23974284536459045,0.01873832635103584
200,236,-0.27463875448333336,0.019251765593008053
200,237,-0.32587218811386026,0.02127248430786021
200,238,0.6279342899068621,0.01939661033375549
200,239,-0.011557835848107358,0.019974137319597192
200,240,0.7629392806440255,0.01924489632315184
200,241,-0.6891516729312136,0.0219345562100303
200,242,-1.2147981606784188,0.02199287510153925
200,243,0.45039076869653805,0.019151566374484025
200,244,-0.2642704481255753,0.019564741861657093
200,245,-0.1732068795078887,0.020840123257366155
200,246,-0.7805492606322693,0.021955525861692318
200,247,0.45027061340582847,0.01896493121712967
200,248,0.07388081891525325,0.01893311650078521
200,249,-1.7070684455372895,0.026597894078799967
200,250,-0.8735343364779544,0.023437182810511336
200,251,-0.12219540530161509,0.019477507228449997
200,252,-0.47742503001092634,0.01953041651526184
200,253,0.13890213288658948,0.019596323709009707
200,254,0.6634463268257291,0.01898925286183909
200,255,0.47152490938045066,0.019235371697586708
200,256,-0.9980729024918423,0.022774059316075325
200,257,-0.10144650793915387,0.020726150360087885
200,258,-1.1050026519012504,0.022895485905442617
200,259,0.4879425998809472,0.01894452763291134
200,260,0.5200785169061843,0.019114047856833752
200,261,0.9416646966349264,0.0195696215568889
200,262,-0.7649309436997656,0.020974824642664074
200,263,0.2523152016640307,0.019071368383642876
200,264,0.003169453569256598,0.018496719940645348
200,265,-0.9750472173151504,0.022336871545244563
200,266,0.4441950593149421,0.01924512282937391
200,267,-0.028645917925490386,0.018557572494899324
200,268,0.22887390052505155,0.018754874534881644
200,269,0.15979305544397096,0.0188483680713896
200,270,-0.07026865569203715,0.018373646641052465
200,271,-0.05041793033177949,0.01883035926298983
200,272,-0.1852464599405403,0.020005150902004696
200,273,-1.3248038849659673,0.021679121582972718
200,274,0.649927263848456,0.019759766311593714
200,275,-0.47353940619058044,0.020265741732328653
200,276,0.18315304176705152,0.019299368171870866
200,277,-0.0638905859636399,0.018981034792231944
200,278,-1.536664373017738,0.02339218583187743
200,279,-0.03860855077133267,0.019527038172148518
200,280,0.45971561769189906,0.018834761693960637
200,281,0.4588102433081588,0.018968891395698274
200,282,-0.39398108453405073,0.020357483633328715
200,283,0.16220374489874054,0.019018202493286153
200,284,-0.7128316546098667,0.021518887952082517
200,285,-0.018591475535994825,0.018468834802223864
200,286,-0.5028927678877583,0.02017884957454597
200,287,0.8211855599368512,0.019714562910477185
200,288,-0.18209808312920425,0.019374168888395202
200,289,-0.6262663718661825,0.02104966826022036
200,290,-1.0818209780004833,0.02066383111006238
200,291,0.04084913884030302,0.020381429316121333
200,292,1.0156976686384196,0.019812940233313973
200,293,-0.29972822422649475,0.018625839328259428
200,294,1.231575757035214,0.019682221073702263
200,295,-0.5670606866294507,0.0199889227572845
200,296,-0.4140268837766837,0.01908764135052884
200,297,-0.012327867658846827,0.019807242304233086
200,298,0.13592180835431353,0.02020494035232151
200,299,-0.1484559452976371,0.019122800358957505
200,300,-0.0748018653307442,0.02024226836329165
